,syll,next_syll,size,emp_tp
0,ba,bo,1,0.022222222222222223
1,ba,ge,20,0.4444444444444444
2,ba,pi,24,0.5333333333333333
3,bi,tu,90,1.0
4,bo,ga,45,1.0
5,du,go,90,1.0
6,ga,ki,45,1.0
7,ge,bi,90,1.0
8,go,bo,24,0.2696629213483146
9,go,ge,45,0.5056179775280899
10,go,gu,20,0.2247191011235955
11,gu,lo,45,1.0
12,ki,ge,24,0.5333333333333333
13,ki,pi,21,0.4666666666666667
14,lo,ba,45,1.0
15,pi,du,90,1.0
16,tu,bo,20,0.2222222222222222
17,tu,gu,25,0.2777777777777778
18,tu,pi,45,0.5
